0,0.00039557,0.00040032,0.000404531,0.000405844,0.000405844.1,0.000788333,0.000788644,0.000788644.1,0.000800641,0.000801282,0.000811688,0.000812018,0.00118297,0.00118671,0.00119904,0.00119904.1,0.00120096,0.00121753,0.00159872,0.00160128,0.00161812,0.00163399,0.00195925,0.00195925.1,0.00197161,0.00236593,0.0036526,0.0036526.1,0.00405844,0.00473186,0.00512618,0.00527597,0.00531046,0.00566572,0.00689935,0.00857843,0.00869909,0.00985804,0.0101881,0.012087,0.0146942,0.0158667,0.0193626,0.0273973,0.0321684,0.0361398,0.0367974,0.0390814,0.0409474,0.0435299,0.0442407,0.0693503,0.0782818,0.0783538,0.0816822,0.0948585,0.1,0.105662,0.106742,0.107587,0.111997,0.119968,0.120032,0.13609,0.174173,0.17784,0.189349,0.199189,0.2,0.237768,0.246142,0.253312,0.264647,0.27501,0.277361,0.3,0.303671,0.31,0.3116,0.318436,0.322374,0.322775,0.33133,0.334923,0.341925,0.347045,0.397633,0.4,0.411765,0.433055,0.440209,0.449054,0.457337,0.5,0.502968,0.503841,0.514297,0.520674,0.525626,0.534077,0.534837,0.536353,0.543107,0.550141,0.556391,0.585221,0.587141,0.667338,0.715534,0.728151,0.82492,0.849228,0.872204,0.873837,0.975069,0.982122,0.988081,0.993716,0.994391,1.00399,1.00652,1.01047,1.01812,1.02548
1.0185418698796642,,,,,,,,,,,,,,,,,,,,,,,,,,,,,,,,,,,,,,,,,,,,,,,,,,,,,,,,,inf,,,,,,,,,,,,1.2040409878704308,,,,,,,1.319745170116912,,,,,,,,,,,,0.9463071467487406,,,,,,,,,,,,,,,,,,,,,,,,,,,,,,,,,,,,
0.20376239892787573,,,,,,,,,,,,,,,,,,,,,,,,,,,,,,,,,,,,,,,,,,,,,,,,,,,,,,,,,inf,,,,,,,,,,,,inf,,,,,,,1.1095578627155542,,,,,,,,,,,,0.7710398138948797,,,,,,,,,,,,,,,,,,,,,,,,,,,,,,,,,,,,
0.49999937450038223,,,,,,,,,,,,,,,,,,,,,,,,,,,,,,,,,,,,,,,,,,,,,,,,,,,,,,,,,62.03372766171659,,,,,,,,,,,,1.5269751467971464,,,,,,,0.774847553827617,,,,,,,,,,,,1.030783947349961,,,,,,,,,,,,,,,,,,,,,,,,,,,,,,,,,,,,
inf,,,,,,,,,,,,,,,,,,,,,,,,,,,,,,,,,,,,,,,,,,,,,,,,,,,,,,,,,inf,,,,,,,,,,,,1.1471737501651018,,,,,,,0.9762916441784015,,,,,,,,,,,,0.6756338966865283,,,,,,,,,,,,,,,,,,,,,,,,,,,,,,,,,,,,
6.079995184638999,,,,,,,,,,,,,,,,,,,,,,,,,,,,,,,,,,,,,,,,,,,,,,,,,,,,,,,,,inf,,,,,,,,,,,,0.543322148804358,,,,,,,1.9100069955382344,,,,,,,,,,,,1.0215817810445031,,,,,,,,,,,,,,,,,,,,,,,,,,,,,,,,,,,,
0.504792457456907,,,,,,,,,,,,,,,,,,,,,,,,,,,,,,,,,,,,,,,,,,,,,,,,,,,,,,,,,inf,,,,,,,,,,,,2.1804926663344673,,,,,,,1.0395431782683606,,,,,,,,,,,,1.0345854215253312,,,,,,,,,,,,,,,,,,,,,,,,,,,,,,,,,,,,
4.8673737117901785,,,,,,,,,,,,,,,,,,,,,,,,,,,,,,,,,,,,,,,,,,,,,,,,,,,,,,,,,inf,,,,,,,,,,,,0.5000992329294554,,,,,,,2.0506355405024688,,,,,,,,,,,,1.0088254652067252,,,,,,,,,,,,,,,,,,,,,,,,,,,,,,,,,,,,
0.668523366054199,,,,,,,,,,,,,,,,,,,,,,,,,,,,,,,,,,,,,,,,,,,,,,,,,,,,,,,,,3.4439671055198398,,,,,,,,,,,,1.2888209856688466,,,,,,,0.9982948815149609,,,,,,,,,,,,1.0317228012578366,,,,,,,,,,,,,,,,,,,,,,,,,,,,,,,,,,,,
1.53994057427897,,,,,,,,,,,,,,,,,,,,,,,,,,,,,,,,,,,,,,,,,,,,,,,,,,,,,,,,,0.008511753029559917,,,,,,,,,,,,2582.822457963338,,,,,,,1.0662757377166412,,,,,,,,,,,,1.0641482708661285,,,,,,,,,,,,,,,,,,,,,,,,,,,,,,,,,,,,
1.987231282362213,,,,,,,,,,,,,,,,,,,,,,,,,,,,,,,,,,,,,,,,,,,,,,,,,,,,,,,,,39.00761743546339,,,,,,,,,,,,1.472649653817504,,,,,,,0.9979754875204684,,,,,,,,,,,,0.5752190497069114,,,,,,,,,,,,,,,,,,,,,,,,,,,,,,,,,,,,
1.3359838784163902,,,,,,,,,,,,,,,,,,,,,,,,,,,,,,,,,,,,,,,,,,,,,,,,,,,,,,,,,inf,,,,,,,,,,,,1.9650377480650774,,,,,,,0.9781533453744319,,,,,,,,,,,,0.9657104835132337,,,,,,,,,,,,,,,,,,,,,,,,,,,,,,,,,,,,
inf,,,,,,,,,,,,,,,,,,,,,,,,,,,,,,,,,,,,,,,,,,,,,,,,,,,,,,,,,4.589948816808096,,,,,,,,,,,,1.453003300052784,,,,,,,1.091464413117513,,,,,,,,,,,,1.0511233282677972,,,,,,,,,,,,,,,,,,,,,,,,,,,,,,,,,,,,
6.128865546218487,,,,,,,,,,,,,,,,,,,,,,,,,,,,,,,,,,,,,,,,,,,,,,,,,,,,,,,,,4.48793366084942,,,,,,,,,,,,1.0835967406324953,,,,,,,1.0451455585763059,,,,,,,,,,,,1.0350659197599872,,,,,,,,,,,,,,,,,,,,,,,,,,,,,,,,,,,,
10.337136414652086,,,,,,,,,,,,,,,,,,,,,,,,,,,,,,,,,,,,,,,,,,,,,,,,,,,,,,,,,inf,,,,,,,,,,,,2.1945233956844463,,,,,,,0.800432598594309,,,,,,,,,,,,1.2905105217634574,,,,,,,,,,,,,,,,,,,,,,,,,,,,,,,,,,,,
1.4952349888558536,,,,,,,,,,,,,,,,,,,,,,,,,,,,,,,,,,,,,,,,,,,,,,,,,,,,,,,,,0.0,,,,,,,,,,,,inf,,,,,,,1.3989517059275545,,,,,,,,,,,,0.8529363411745364,,,,,,,,,,,,,,,,,,,,,,,,,,,,,,,,,,,,
1.6790938393676398,,,,,,,,,,,,,,,,,,,,,,,,,,,,,,,,,,,,,,,,,,,,,,,,,,,,,,,,,,,,,,,,,,,,,1424.303671299629,,,,,,,0.8757438662721915,,,,,,,,,,,,0.9512044922973679,,,,,,,,,,,,,,,,,,,,,,,,,,,,,,,,,,,,
3.231095119777892,,,,,,,,,,,,,,,,,,,,,,,,,,,,,,,,,,,,,,,,,,,,,,,,,,,,,,,,,inf,,,,,,,,,,,,0.9727397918695796,,,,,,,1.3465780211184983,,,,,,,,,,,,1.0103149444013702,,,,,,,,,,,,,,,,,,,,,,,,,,,,,,,,,,,,
1.128635424807413,,,,,,,,,,,,,,,,,,,,,,,,,,,,,,,,,,,,,,,,,,,,,,,,,,,,,,,,,1542.7493434274936,,,,,,,,,,,,1.5384544858600628,,,,,,,1.0363975030205397,,,,,,,,,,,,1.0090996331491349,,,,,,,,,,,,,,,,,,,,,,,,,,,,,,,,,,,,
1.9249547877740476,,,,,,,,,,,,,,,,,,,,,,,,,,,,,,,,,,,,,,,,,,,,,,,,,,,,,,,,,1.0061896717656758,,,,,,,,,,,,0.3935219620560729,,,,,,,1.1406101344364015,,,,,,,,,,,,1.2408723690422112,,,,,,,,,,,,,,,,,,,,,,,,,,,,,,,,,,,,
0.9372745366339097,,,,,,,,,,,,,,,,,,,,,,,,,,,,,,,,,,,,,,,,,,,,,,,,,,,,,,,,,1.0830062657683261,,,,,,,,,,,,0.5245312393879076,,,,,,,1.973954222573007,,,,,,,,,,,,0.9856782426535468,,,,,,,,,,,,,,,,,,,,,,,,,,,,,,,,,,,,
2.333239431858517,,,,,,,,,,,,,,,,,,,,,,,,,,,,,,,,,,,,,,,,,,,,,,,,,,,,,,,,,inf,,,,,,,,,,,,0.0,,,,,,,inf,,,,,,,,,,,,0.8104621661329696,,,,,,,,,,,,,,,,,,,,,,,,,,,,,,,,,,,,
0.9306576071859644,,,,,,,,,,,,,,,,,,,,,,,,,,,,,,,,,,,,,,,,,,,,,,,,,,,,,,,,,0.5771594235910348,,,,,,,,,,,,1.2920988911671074,,,,,,,1.3808614283306715,,,,,,,,,,,,0.5300865807565989,,,,,,,,,,,,,,,,,,,,,,,,,,,,,,,,,,,,
0.4195809929892173,,,,,,,,,,,,,,,,,,,,,,,,,,,,,,,,,,,,,,,,,,,,,,,,,,,,,,,,,2.679564253208194,,,,,,,,,,,,0.6754671977115015,,,,,,,1.5388367401744951,,,,,,,,,,,,0.9968651110519623,,,,,,,,,,,,,,,,,,,,,,,,,,,,,,,,,,,,
1.3646569079059612,,,,,,,,,,,,,,,,,,,,,,,,,,,,,,,,,,,,,,,,,,,,,,,,,,,,,,,,,0.3738805946708296,,,,,,,,,,,,2.8900972240552547,,,,,,,0.4953134390116548,,,,,,,,,,,,0.9195141095837959,,,,,,,,,,,,,,,,,,,,,,,,,,,,,,,,,,,,
0.28027988837784934,,,,,,,,,,,,,,,,,,,,,,,,,,,,,,,,,,,,,,,,,,,,,,,,,,,,,,,,,1.7997250763607853,,,,,,,,,,,,1.351075560822265,,,,,,,1.0262828782164277,,,,,,,,,,,,0.5947939741636745,,,,,,,,,,,,,,,,,,,,,,,,,,,,,,,,,,,,
0.48050457000104707,,,,,,,,,,,,,,,,,,,,,,,,,,,,,,,,,,,,,,,,,,,,,,,,,,,,,,,,,inf,,,,,,,,,,,,0.9452937173962349,,,,,,,0.9067469140535154,,,,,,,,,,,,0.9889078175279198,,,,,,,,,,,,,,,,,,,,,,,,,,,,,,,,,,,,
0.3842214902668019,,,,,,,,,,,,,,,,,,,,,,,,,,,,,,,,,,,,,,,,,,,,,,,,,,,,,,,,,,,,,,,,,,,,,inf,,,,,,,0.7905814954583461,,,,,,,,,,,,1.403361692438262,,,,,,,,,,,,,,,,,,,,,,,,,,,,,,,,,,,,
1.8152597512623267,,,,,,,,,,,,,,,,,,,,,,,,,,,,,,,,,,,,,,,,,,,,,,,,,,,,,,,,,1.8910789051141994,,,,,,,,,,,,0.9846728711213856,,,,,,,1.0255974550735518,,,,,,,,,,,,1.016575899570466,,,,,,,,,,,,,,,,,,,,,,,,,,,,,,,,,,,,
2.8736628276480616,,,,,,,,,,,,,,,,,,,,,,,,,,,,,,,,,,,,,,,,,,,,,,,,,,,,,,,,,1.037164072399172,,,,,,,,,,,,1.0329014208155796,,,,,,,1.0857062287245114,,,,,,,,,,,,0.9764512065122589,,,,,,,,,,,,,,,,,,,,,,,,,,,,,,,,,,,,
1.3509326481799206,,,,,,,,,,,,,,,,,,,,,,,,,,,,,,,,,,,,,,,,,,,,,,,,,,,,,,,,,0.0,,,,,,,,,,,,inf,,,,,,,1.1577976874491136,,,,,,,,,,,,0.80636391825708,,,,,,,,,,,,,,,,,,,,,,,,,,,,,,,,,,,,
0.9106350025813115,,,,,,,,,,,,,,,,,,,,,,,,,,,,,,,,,,,,,,,,,,,,,,,,,,,,,,,,,0.9967644026138144,,,,,,,,,,,,0.5437300177619894,,,,,,,1.748058063187211,,,,,,,,,,,,0.5185463520203358,,,,,,,,,,,,,,,,,,,,,,,,,,,,,,,,,,,,
2.0153878857304814,,,,,,,,,,,,,,,,,,,,,,,,,,,,,,,,,,,,,,,,,,,,,,,,,,,,,,,,,0.9058667350987495,,,,,,,,,,,,1.0721570071992328,,,,,,,0.9838700738306841,,,,,,,,,,,,0.9705395922992059,,,,,,,,,,,,,,,,,,,,,,,,,,,,,,,,,,,,
2.079467373867567,,,,,,,,,,,,,,,,,,,,,,,,,,,,,,,,,,,,,,,,,,,,,,,,,,,,,,,,,37.45817425817426,,,,,,,,,,,,0.9538499643338353,,,,,,,0.969121208626456,,,,,,,,,,,,1.024166311175923,,,,,,,,,,,,,,,,,,,,,,,,,,,,,,,,,,,,
22.65578656763822,,,,,,,,,,,,,,,,,,,,,,,,,,,,,,,,,,,,,,,,,,,,,,,,,,,,,,,,,,,,,,,,,,,,,inf,,,,,,,1.0572037948067887,,,,,,,,,,,,1.0593869731800765,,,,,,,,,,,,,,,,,,,,,,,,,,,,,,,,,,,,
1.358513325754705,,,,,,,,,,,,,,,,,,,,,,,,,,,,,,,,,,,,,,,,,,,,,,,,,,,,,,,,,1.0081479565442317,,,,,,,,,,,,1.0009250759413384,,,,,,,1.0035578044393494,,,,,,,,,,,,1.0199877975861147,,,,,,,,,,,,,,,,,,,,,,,,,,,,,,,,,,,,
14.182119715570948,,,,,,,,,,,,,,,,,,,,,,,,,,,,,,,,,,,,,,,,,,,,,,,,,,,,,,,,,1.0056647864141242,,,,,,,,,,,,0.9777644755885299,,,,,,,0.9182507101443637,,,,,,,,,,,,0.9179973754024225,,,,,,,,,,,,,,,,,,,,,,,,,,,,,,,,,,,,
1.491443210777837,,,,,,,,,,,,,,,,,,,,,,,,,,,,,,,,,,,,,,,,,,,,,,,,,,,,,,,,,1.014991584043225,,,,,,,,,,,,0.6669790274897677,,,,,,,0.7100521111998769,,,,,,,,,,,,2.009726085728044,,,,,,,,,,,,,,,,,,,,,,,,,,,,,,,,,,,,
1.0234957104489928,,,,,,,,,,,,,,,,,,,,,,,,,,,,,,,,,,,,,,,,,,,,,,,,,,,,,,,,,0.7537595440690251,,,,,,,,,,,,1.0525637185649295,,,,,,,1.267627116293903,,,,,,,,,,,,0.5547195615556728,,,,,,,,,,,,,,,,,,,,,,,,,,,,,,,,,,,,
49.72494788297031,,,,,,,,,,,,,,,,,,,,,,,,,,,,,,,,,,,,,,,,,,,,,,,,,,,,,,,,,0.9934712804245124,,,,,,,,,,,,1.0607126149449113,,,,,,,1.0015813897576515,,,,,,,,,,,,0.9260461300907161,,,,,,,,,,,,,,,,,,,,,,,,,,,,,,,,,,,,
967.7277112747554,,,,,,,,,,,,,,,,,,,,,,,,,,,,,,,,,,,,,,,,,,,,,,,,,,,,,,,,,1.014902571492135,,,,,,,,,,,,1.0014318385204335,,,,,,,1.018699835605841,,,,,,,,,,,,1.017350556475768,,,,,,,,,,,,,,,,,,,,,,,,,,,,,,,,,,,,
0.005041103323765379,,,,,,,,,,,,,,,,,,,,,,,,,,,,,,,,,,,,,,,,,,,,,,,,,,,,,,,,,1.0204398426742949,,,,,,,,,,,,0.9987980477135567,,,,,,,0.9905581262270982,,,,,,,,,,,,0.9955723024930647,,,,,,,,,,,,,,,,,,,,,,,,,,,,,,,,,,,,
1674.6146917534024,,,,,,,,,,,,,,,,,,,,,,,,,,,,,,,,,,,,,,,,,,,,,,,,,,,,,,,,,0.9572607293182802,,,,,,,,,,,,0.9930962628288769,,,,,,,1.020110576560298,,,,,,,,,,,,0.9859883953581432,,,,,,,,,,,,,,,,,,,,,,,,,,,,,,,,,,,,
44.384215365676354,,,,,,,,,,,,,,,,,,,,,,,,,,,,,,,,,,,,,,,,,,,,,,,,,,,,,,,,,inf,,,,,,,,,,,,0.9759793447293447,,,,,,,0.9675241665022686,,,,,,,,,,,,0.9877756847971118,,,,,,,,,,,,,,,,,,,,,,,,,,,,,,,,,,,,
0.000591620680671672,,,,,,,,,,,,,,,,,,,,,,,,,,,,,,,,,,,,,,,,,,,,,,,,,,,,,,,,,0.9640797264943792,,,,,,,,,,,,0.9677540593710545,,,,,,,0.9952925353059852,,,,,,,,,,,,1.0301862827685673,,,,,,,,,,,,,,,,,,,,,,,,,,,,,,,,,,,,
0.1926221514400494,,,,,,,,,,,,,,,,,,,,,,,,,,,,,,,,,,,,,,,,,,,,,,,,,,,,,,,,,0.9870061282447312,,,,,,,,,,,,1.011745946856028,,,,,,,1.0287410203460525,,,,,,,,,,,,0.9920626207955104,,,,,,,,,,,,,,,,,,,,,,,,,,,,,,,,,,,,
1.9709700333309914,,,,,,,,,,,,,,,,,,,,,,,,,,,,,,,,,,,,,,,,,,,,,,,,,,,,,,,,,0.9968517854244279,,,,,,,,,,,,1.0010245799719484,,,,,,,0.9902176101135358,,,,,,,,,,,,0.981717669509448,,,,,,,,,,,,,,,,,,,,,,,,,,,,,,,,,,,,
,,,,,,,,,,,,,,,,,,,,,,,,,,,,,,,,,,,,,,,,,,,,,,,,,,,,,,,,,1.0224064127049377,,,,,,,,,,,,0.9636281790677648,,,,,,,0.9263864369051273,,,,,,,,,,,,0.9450121725017389,,,,,,,,,,,,,,,,,,,,,,,,,,,,,,,,,,,,
1.0581325821760388,,,,,,,,,,,,,,,,,,,,,,,,,,,,,,,,,,,,,,,,,,,,,,,,,,,,,,,,,0.9991620249420812,,,,,,,,,,,,1.0006372272409074,,,,,,,0.9884150436534587,,,,,,,,,,,,1.0293617242732127,,,,,,,,,,,,,,,,,,,,,,,,,,,,,,,,,,,,
0.0,,,,,,,,,,,,,,,,,,,,,,,,,,,,,,,,,,,,,,,,,,,,,,,,,,,,,,,,,1.0200824699485123,,,,,,,,,,,,1.0088540831060484,,,,,,,1.036104729063643,,,,,,,,,,,,1.063956803580214,,,,,,,,,,,,,,,,,,,,,,,,,,,,,,,,,,,,
inf,,,,,,,,,,,,,,,,,,,,,,,,,,,,,,,,,,,,,,,,,,,,,,,,,,,,,,,,,1.033824101829447,,,,,,,,,,,,1.0712256411895793,,,,,,,1.0556421122605841,,,,,,,,,,,,1.054504632639792,,,,,,,,,,,,,,,,,,,,,,,,,,,,,,,,,,,,
1.089269768611234,,,,,,,,,,,,,,,,,,,,,,,,,,,,,,,,,,,,,,,,,,,,,,,,,,,,,,,,,0.9662936102903871,,,,,,,,,,,,0.975052197135227,,,,,,,0.9902033423890673,,,,,,,,,,,,0.9692017233390187,,,,,,,,,,,,,,,,,,,,,,,,,,,,,,,,,,,,
0.9843367126315284,,,,,,,,,,,,,,,,,,,,,,,,,,,,,,,,,,,,,,,,,,,,,,,,,,,,,,,,,0.9536451677316293,,,,,,,,,,,,0.9435464449541284,,,,,,,0.9951230588490813,,,,,,,,,,,,0.9898053407796449,,,,,,,,,,,,,,,,,,,,,,,,,,,,,,,,,,,,
1.0490764180049046,,,,,,,,,,,,,,,,,,,,,,,,,,,,,,,,,,,,,,,,,,,,,,,,,,,,,,,,,1.0066374736177681,,,,,,,,,,,,1.0180973724978721,,,,,,,0.9956245011971269,,,,,,,,,,,,1.0043312940988613,,,,,,,,,,,,,,,,,,,,,,,,,,,,,,,,,,,,
,,,,,,,,,,,,,,,,,,,,,,,,,,,,,,,,,,,,,,,,,,,,,,,,,,,,,,,,,1.0886243483969429,,,,,,,,,,,,1.0139376953978898,,,,,,,0.9849450311719473,,,,,,,,,,,,1.0150356360198232,,,,,,,,,,,,,,,,,,,,,,,,,,,,,,,,,,,,
inf,,,,,,,,,,,,,,,,,,,,,,,,,,,,,,,,,,,,,,,,,,,,,,,,,,,,,,,,,0.9681986028430293,,,,,,,,,,,,0.96697796411469,,,,,,,0.9801210446425097,,,,,,,,,,,,1.0198059191144997,,,,,,,,,,,,,,,,,,,,,,,,,,,,,,,,,,,,
inf,,,,,,,,,,,,,,,,,,,,,,,,,,,,,,,,,,,,,,,,,,,,,,,,,,,,,,,,,0.9759083547774939,,,,,,,,,,,,0.9449526147802602,,,,,,,0.9523729384045776,,,,,,,,,,,,0.9598792497649328,,,,,,,,,,,,,,,,,,,,,,,,,,,,,,,,,,,,
0.5103167994924864,,,,,,,,,,,,,,,,,,,,,,,,,,,,,,,,,,,,,,,,,,,,,,,,,,,,,,,,,0.9590020601484491,,,,,,,,,,,,0.9777669619390634,,,,,,,0.9966303622938043,,,,,,,,,,,,1.0082382133995036,,,,,,,,,,,,,,,,,,,,,,,,,,,,,,,,,,,,
0.37588121132753605,,,,,,,,,,,,,,,,,,,,,,,,,,,,,,,,,,,,,,,,,,,,,,,,,,,,,,,,,0.9860153873245852,,,,,,,,,,,,0.9724419499741783,,,,,,,1.0048303875288176,,,,,,,,,,,,1.037572289253669,,,,,,,,,,,,,,,,,,,,,,,,,,,,,,,,,,,,
0.5510647608763605,,,,,,,,,,,,,,,,,,,,,,,,,,,,,,,,,,,,,,,,,,,,,,,,,,,,,,,,,1.0584029957630252,,,,,,,,,,,,1.0632158682384418,,,,,,,1.0144928125985533,,,,,,,,,,,,1.0142996749167348,,,,,,,,,,,,,,,,,,,,,,,,,,,,,,,,,,,,
0.5854186123086045,,,,,,,,,,,,,,,,,,,,,,,,,,,,,,,,,,,,,,,,,,,,,,,,,,,,,,,,,1.8187173735298436,,,,,,,,,,,,0.9416505234228131,,,,,,,0.9819800984230614,,,,,,,,,,,,0.9726376776968103,,,,,,,,,,,,,,,,,,,,,,,,,,,,,,,,,,,,
inf,,,,,,,,,,,,,,,,,,,,,,,,,,,,,,,,,,,,,,,,,,,,,,,,,,,,,,,,,0.9684109022926302,,,,,,,,,,,,0.9935052155087581,,,,,,,1.0325685275907608,,,,,,,,,,,,1.0133031475996406,,,,,,,,,,,,,,,,,,,,,,,,,,,,,,,,,,,,
1.04895398543726,,,,,,,,,,,,,,,,,,,,,,,,,,,,,,,,,,,,,,,,,,,,,,,,,,,,,,,,,0.5119535135667505,,,,,,,,,,,,2.0684645979961584,,,,,,,1.0268888344190374,,,,,,,,,,,,0.983427124645192,,,,,,,,,,,,,,,,,,,,,,,,,,,,,,,,,,,,
1.0088774131588372,,,,,,,,,,,,,,,,,,,,,,,,,,,,,,,,,,,,,,,,,,,,,,,,,,,,,,,,,0.5259588020464605,,,,,,,,,,,,2.1327611631396493,,,,,,,0.9986843146565368,,,,,,,,,,,,1.0217962465946522,,,,,,,,,,,,,,,,,,,,,,,,,,,,,,,,,,,,
1.0330888040318837,,,,,,,,,,,,,,,,,,,,,,,,,,,,,,,,,,,,,,,,,,,,,,,,,,,,,,,,,0.9900734937541196,,,,,,,,,,,,1.9527569137931724,,,,,,,0.9897736143637784,,,,,,,,,,,,1.0284019073168902,,,,,,,,,,,,,,,,,,,,,,,,,,,,,,,,,,,,
