0.00204247,0.00201964,0.00508298,0.00427356,0.00205691,0.00467761,0.00457352,0.00340777,0.00505647,0.00592526,0.0117539,0.00451059,0.00397552,0.00960446,0.0128383,0.0195005,0.0122398,0.00799428,0.0129681,0.00971709,0.0180595,0.0258731,0.0161669,0.0372682,0.0401744,0.0691301,0.0608789,0.0741408,0.0438919,0.0931519,0.150038,0.102454,0.074629,0.120923,0.1321,0.115592,0.0578947,0.115276,0.211968,0.213882,0.057724,0.246774,0.123971,0.125736,0.310217,0.122754,0.12304,0.317093,0.132459,0.40843,0.173392,0.119071,0,0.121047,0.264175,0.126531,0.257977,0.211017,0.147791,0,0,0,0.113956,0.201381,0
0.00197572,0.0049508,0.00344612,0.00342409,0.00200991,0.00494325,0.00488053,0.00150213,0.00704632,0.00510952,0.00738076,0.00810194,0.00957175,0.00452025,0.00464605,0.00413915,0.0180513,0.0257968,0.0106497,0.0293292,0.036807,0.0188498,0.0532599,0.0529055,0.0473982,0.0873523,0.0493557,0.0577489,0.127104,0.110699,0.105635,0.126005,0.051343,0.0922534,0.269213,0.0453717,0.0932084,0.0175156,0.250183,0.178756,0.329772,0.173653,0.210682,0.261837,0.00197311,0.546322,0.382776,0.11581,0.0410367,0.428917,0.172131,0.111169,0.119781,0.241611,0,0.133326,0.14293,0.240528,0.0941748,0.0260116,0,0.0895372,0,0.0943205,0.121414
0.00203677,0.00301094,0.00556141,0.00611445,0.0020023,0.00254199,0.0024473,0.00243914,0.00592491,0.0078408,0.00430201,0.00352531,0.0108207,0.00475843,0.00790715,0.00656458,0.0168097,0.010781,0.0188401,0.0226637,0.0111663,0.0319512,0.0243817,0.078201,0.0533213,0.0685908,0.0527054,0.144985,0.0997789,0.124116,0.168248,0.132453,0.142034,0.22036,0.122148,0.214922,0.235482,0.247044,0.130424,0.317299,0.198081,0.0857575,0.00336538,0.00299949,0.231604,0.289194,0.154478,0.412666,0.445222,0.393721,0.201214,0.215118,0.472631,0.112967,0.10446,0.273021,0,0,0.1175,0.229688,0.236643,0.13354,0.0471992,0.128543,0.0848485
0.00450106,0.00357821,0.00403126,0.00304526,0.00847153,0.00311528,0.00596956,0.00497349,0.0122699,0.00700688,0.00441068,0.00661334,0.00735,0.0104871,0.00861427,0.00563693,0.0130331,0.00912933,0.0136878,0.018803,0.020263,0.0210261,0.0347718,0.0416005,0.0322758,0.0502165,0.0529425,0.0656329,0.128389,0.141294,0.069796,0.152235,0.0744269,0.0674742,0.11135,0.0430699,0.0904264,0.246136,0.360978,0.174913,0.14318,0.00251828,0.337077,0.466869,0.342105,0.157513,0.228618,0.253917,0,0.401893,0.135467,0.136893,0.0166016,0.0873494,0.129464,0.1615,0.134109,0,0.112575,0,0.00159915,0.0838353,0.11747,0.0631164,0
0.00294725,0.00497886,0.00397383,0.00305088,0.00911736,0.0050354,0.00395148,0.00596447,0.00795494,0.00460904,0.00361286,0.0138511,0.00805344,0.00747265,0.00606328,0.0164024,0.0150813,0.0148171,0.0178746,0.0151411,0.0225161,0.0260757,0.0282851,0.0675063,0.0416642,0.0829843,0.0542446,0.0462962,0.0575626,0.115369,0.0975018,0.124104,0.280974,0.202406,0.307045,0.273558,0.143253,0.27513,0.042983,0.140148,0.124749,0.410689,0.341861,0.291304,0.278603,0.319056,0.202681,0.173741,0.0517928,0.262112,0.287665,0.124745,0.164841,0.0635449,0.161693,0.328008,0.246468,0,0,0.155326,0,0,0.271485,0,0.125251
0.00342601,0.00192896,0.00295859,0.0064788,0.00442245,0.0063572,0.00907976,0.00248686,0.00297175,0.00902959,0.0076711,0.00639899,0.012861,0.00810035,0.00461916,0.0104657,0.00839692,0.0209887,0.0127406,0.025209,0.0261406,0.022636,0.0323915,0.0415924,0.0598151,0.114046,0.097423,0.101682,0.148528,0.102574,0.107046,0.0645649,0.0710866,0.0267719,0.390744,0.0326762,0.324702,0.128851,0.33046,0.16691,0.321324,0.351854,0.118205,0.221614,0.334619,0.287595,0.291509,0.291912,0.271229,0.336256,0.0750487,0.263466,0.125514,0.192485,0.460689,0.226771,0.252699,0.186305,0.0919483,0.0949119,0.178239,0.0987103,0.249824,0.123772,0.303363
0.00293531,0.00249674,0.00198649,0.0058508,0.00586734,0.00246151,0.00792225,0.0081495,0.00861427,0.00755721,0.00463409,0.0159981,0.012522,0.0103132,0.00624246,0.0152204,0.00603919,0.0176062,0.0390194,0.0245739,0.0472587,0.018971,0.0442481,0.0574748,0.0614157,0.0636209,0.0668884,0.130179,0.146263,0.085498,0.0852236,0.086888,0.183965,0.107787,0.166081,0.146278,0.310964,0.199194,0.333271,0.341093,0.290862,0.215422,0.203886,0.262978,0.470658,0.303076,0.391944,0.375776,0.218417,0.259424,0.213493,0.256171,0.296222,0.276053,0.301838,0.20177,0.135585,0.130349,0.219456,0.0917112,0.121183,0.0976954,0.251989,0,0
0.00251105,0.00303062,0.00538761,0.00491958,0.0050292,0.00610587,0.00561484,0.00841995,0.0110134,0.00735057,0.00813515,0.0176251,0.00639179,0.00840597,0.0149793,0.0155735,0.0210705,0.0124353,0.0290289,0.0238897,0.0194341,0.0353618,0.0493652,0.0522654,0.0789118,0.0655076,0.0709819,0.0613603,0.137745,0.134301,0.168625,0.0914294,0.170885,0.172227,0.258474,0.208951,0.258324,0.166153,0.230646,0.0225885,0.145432,0.00489652,0.139053,0.220519,0.323883,0.283411,0.48673,0.0724298,0.369027,0.107582,0.293933,0.229331,0.213979,0.132828,0.504777,0.265346,0.0944444,0.12232,0.0968208,0,0,0,0,0.1278,0.105788
0.00740825,0.00758098,0.00655601,0.00297795,0.00871355,0.00448812,0.0104876,0.0084596,0.0044608,0.00830712,0.00432744,0.0126521,0.00676905,0.00496488,0.010472,0.00548241,0.0155239,0.0194089,0.0144525,0.0183768,0.0244446,0.0272219,0.0284004,0.0402761,0.054743,0.0995941,0.0988137,0.143267,0.151149,0.133747,0.0571988,0.124015,0.152924,0.181243,0.0430679,0.023177,0.421061,0.187448,0.19649,0.303355,0.0269376,0.149715,0.245872,0.311742,0.332886,0.313802,0.262373,0.249105,0.272011,0.262599,0.0892857,0.234068,0.0616076,0.126248,0.264657,0.259513,0.17531,0.304734,0.122036,0,0.0979331,0,0.0921053,0,0.171924
0.00649179,0.0079738,0.00673864,0.0060803,0.00694251,0.00815612,0.00629201,0.0106276,0.0089486,0.00751765,0.0158873,0.014006,0.011233,0.0187982,0.0192933,0.011586,0.0255302,0.00753282,0.0241265,0.0385174,0.024132,0.0290866,0.0408536,0.0519937,0.0578687,0.0314145,0.134608,0.0926301,0.0763949,0.0993308,0.0757662,0.364704,0.214864,0.170088,0.281778,0.247288,0.211168,0.280398,0.102391,0.270526,0.0950025,0.354146,0.156359,0.143836,0.449192,0.145686,0.463713,0.39101,0.305744,0.26168,0.434684,0.153811,0.208098,0.370914,0.252251,0.248016,0.107072,0.185765,0.127237,0.119903,0.284245,0.119898,0.243844,0,0.126243
0.0113146,0.010522,0.00608288,0.00499415,0.00510128,0.00604574,0.00584423,0.00967621,0.00607006,0.0049472,0.0160007,0.00902875,0.0197008,0.0151958,0.0121354,0.0155408,0.0137822,0.0179266,0.0223987,0.0284458,0.0217143,0.0325682,0.0452838,0.0415475,0.0779033,0.11134,0.116032,0.177733,0.103989,0.0865818,0.125853,0.128353,0.171608,0.0949902,0.113708,0.371582,0.278798,0.196175,0.309272,0.234184,0.0152762,0.174814,0.167203,0.191827,0.248514,0.359575,0.506357,0.151394,0.355966,0.42687,0.247014,0.174803,0.378212,0,0.125752,0.015873,0.123246,0.0136719,0.0883234,0.0882937,0,0.245367,0,0.196161,0.0355626
0.00551741,0.00852439,0.0124391,0.00772232,0.00350799,0.0059481,0.0124884,0.00783665,0.0118162,0.0126548,0.014438,0.0176253,0.0177793,0.00916552,0.00931442,0.0133614,0.0252963,0.0222802,0.00943577,0.0360627,0.0443572,0.042358,0.0389516,0.0400393,0.0548865,0.0888199,0.0484005,0.114578,0.101304,0.0880979,0.0524128,0.173152,0.0491891,0.234496,0.0785371,0.181987,0.0397775,0.0765952,0.269249,0.445561,0.34888,0.267185,0.0968555,0.262215,0.205673,0.167058,0.370014,0.486524,0.39403,0.501464,0.196233,0.393934,0,0.125498,0.000499002,0.134,0.175639,0.112197,0,0,0.116279,0,0.239599,0.0696325,0.0655819
0.00957829,0.010662,0.00621068,0.00842244,0.00606014,0.00793102,0.00594735,0.00736309,0.00641774,0.016031,0.0146502,0.0138656,0.0181069,0.00969312,0.0190855,0.0300109,0.00982419,0.0166557,0.0250743,0.0446538,0.0340191,0.0479166,0.0628149,0.0384368,0.0682635,0.0673787,0.116891,0.17116,0.110425,0.143918,0.092875,0.178743,0.060575,0.334401,0.231677,0.239028,0.125001,0.240023,0.172512,0.0584276,0.135434,0.160157,0.17505,0.315815,0.256853,0.239562,0.24949,0.32384,0.0156576,0.215155,0.117944,0.19441,0.126512,0,0.00143403,0.352165,0.261263,0.147817,0.316074,0.108491,0.139623,0,0,0,0.320401
0.00560262,0.00647158,0.00815825,0.00827273,0.0163727,0.00922297,0.00584708,0.0122185,0.00861007,0.00866777,0.0126876,0.00920043,0.0107538,0.0160167,0.0268001,0.0222638,0.0193141,0.0331771,0.0292173,0.0272571,0.0508359,0.0425916,0.0753027,0.0670004,0.0428662,0.0897157,0.0914804,0.0876606,0.0878266,0.193179,0.0681517,0.0850357,0.237339,0.0835834,0.209049,0.186528,0.215065,0.235434,0.349525,0.487505,0.249418,0.337296,0.220566,0.0290016,0.000505051,0.292364,0.203998,0.350155,0.208443,0.131579,0.189072,0.049,0.0865,0.112805,0.237378,0,0.146107,0.0523013,0.0838415,0.119712,0.0813008,0,0.0731707,0.119439,0
0.00874061,0.00648467,0.00739198,0.0199388,0.00864889,0.00955352,0.00998777,0.0111237,0.014943,0.0172761,0.00887785,0.017587,0.0157426,0.0240063,0.0197997,0.0313106,0.0140585,0.0131017,0.0265026,0.0526015,0.0338714,0.061184,0.070257,0.0790922,0.120031,0.0932457,0.0449883,0.103469,0.0746908,0.0552989,0.0963927,0.135176,0.0792345,0.3316,0.154856,0.220755,0.179051,0.0288595,0.0861384,0.197791,0.105067,0.172399,0.21418,0.216517,0.35304,0.281015,0.0337972,0.126704,0.204134,0.0925743,0.325902,0.311513,0.386262,0.291458,0.105058,0.106518,0.159733,0.029798,0.0636273,0.123488,0.128875,0.347734,0.0957447,0,0
0.00919922,0.0065895,0.00719459,0.00745552,0.0118034,0.00825304,0.0112519,0.0120338,0.0172722,0.0125836,0.0160837,0.0187561,0.0164405,0.0315865,0.0205512,0.0227715,0.0270801,0.0188344,0.0266908,0.0499419,0.0594737,0.0585083,0.0499687,0.0614802,0.0510734,0.0554778,0.0863637,0.120047,0.0377856,0.235043,0.0837532,0.0885355,0.1606,0.0433746,0.0737655,0.174829,0.00846614,0.1514,0.279023,0.239241,0.106326,0.0410203,0.00436893,0.135307,0.104339,0.273223,0,0.123886,0.189006,0.119991,0.438757,0.379261,0.245561,0.322924,0.201746,0.1155,0.0898438,0.0927083,0.379668,0,0.0458167,0,0,0.106681,0
0.0176472,0.0168802,0.0127727,0.0106611,0.0173597,0.0162986,0.00930651,0.0223103,0.00917348,0.0140978,0.0164023,0.0143785,0.0222739,0.0283185,0.0231426,0.0256223,0.0192678,0.0593454,0.0481471,0.0450603,0.0390776,0.0417621,0.0232751,0.0705041,0.0691015,0.0575413,0.0820332,0.100992,0.200326,0.10179,0.129786,0.0324205,0.131238,0.16279,0.0211725,0.250073,0.397487,0.337281,0.105643,0.137707,0.150911,0.22201,0.0475352,0.152955,0.39351,0.388372,0.289249,0.254548,0.333235,0.43554,0.298578,0.148786,0.272312,0.0765,0.0233333,0.385181,0,0,0,0.0685146,0.0731463,0.125746,0.0777351,0.116837,0.131288
0.00864165,0.0106595,0.0110534,0.0201754,0.0120597,0.00655941,0.0113452,0.0144994,0.0240615,0.0256948,0.0147501,0.0257622,0.0411266,0.0418149,0.026917,0.0217211,0.0344557,0.0436,0.0330296,0.0387285,0.0455335,0.0451574,0.0553689,0.0629169,0.0850932,0.115816,0.0489278,0.10122,0.101103,0.0980986,0.152387,0.167568,0.292337,0.33271,0.0374915,0.0245534,0.129304,0.234598,0.376414,0.118717,0.337722,0.394015,0.28164,0.339341,0.306858,0.142818,0.183171,0.304871,0.237056,0.0421811,0.347427,0.125,0.226564,0.124035,0.400635,0.196795,0.392588,0.0540541,0,0.204014,0.154309,0.113048,0.113454,0.0895923,0
0.0188155,0.0132174,0.0203165,0.0164268,0.0156729,0.0226147,0.0117676,0.0140099,0.0344015,0.0249566,0.0293904,0.0291106,0.0211146,0.0227803,0.0340266,0.05338,0.0287455,0.0543237,0.0565087,0.0360724,0.0753747,0.077725,0.103064,0.102954,0.114402,0.0915096,0.168576,0.0202539,0.138661,0.107934,0.0722975,0.019025,0.0949204,0.0535158,0.0829472,0.0281053,0.192296,0.182125,0.0653894,0.271807,0.30422,0.279361,0.216418,0.331704,0.0532901,0.291704,0.528595,0.178381,0.401517,0.046169,0.280145,0.0852273,0,0.200108,0,0.186805,0.166515,0.230202,0,0,0.0873253,0.193423,0.211167,0.123031,0
0.0227331,0.0170065,0.0179598,0.0219345,0.0266516,0.0340365,0.0237551,0.0261505,0.0261319,0.0176878,0.0353933,0.0224772,0.0251764,0.0330209,0.0455445,0.0505877,0.0382002,0.060453,0.053044,0.0392634,0.0426452,0.124814,0.0585417,0.0984499,0.035329,0.0608842,0.07246,0.184876,0.212123,0.0645376,0.235548,0.0316397,0.134015,0.294234,0.206351,0.118007,0.0408946,0.125878,0.263728,0.00246679,0.213462,0.000483559,0.164834,0.321347,0.572282,0.420758,0.131205,0.645183,0.181651,0.127124,0.236023,0.0825472,0.260029,0.127953,0.129016,0.338524,0.16992,0.243623,0.0960366,0.0643939,0.103883,0,0.0143785,0.104379,0.0996016
0.0360196,0.022937,0.0132453,0.0285201,0.0183499,0.0303287,0.0394035,0.0229954,0.0361002,0.0196156,0.0228444,0.0250677,0.0395902,0.0162695,0.0451237,0.041284,0.0523726,0.0398668,0.0716282,0.0643496,0.0418171,0.0534232,0.0830321,0.0500947,0.134137,0.0879394,0.108068,0.0665076,0.0359268,0.192524,0.18525,0.145943,0.18879,0.339098,0.154199,0.07637,0.0979688,0.363514,0,0.129876,0.0336556,0.276608,0.283543,0.000510204,0.634936,0.0504329,0.273522,0.517118,0.329233,0.23537,0.330947,0.243921,0.346101,0.253786,0.122266,0.0777096,0.246064,0.117308,0.247768,0,0,0.0885417,0.1206,0.0931677,0
0.0387904,0.0343627,0.0301388,0.029016,0.0416536,0.0287021,0.0502121,0.0279715,0.0244835,0.0916267,0.0233848,0.0301215,0.0462175,0.081875,0.03846,0.0461309,0.066415,0.0460442,0.0489221,0.0908821,0.0535077,0.102318,0.0709852,0.0617844,0.08917,0.171072,0.212073,0.0440517,0.286329,0.0781958,0.248948,0.0770946,0.0376716,0.0573887,0.107656,0.270783,0.115532,0.0181026,0.0699912,0.475119,0.0387869,0.52229,0.127055,0.23972,0.154459,0.387554,0.384235,0.321953,0.181322,0.219151,0.274306,0.415678,0.123203,0.160371,0.12248,0.126645,0.0320641,0,0,0.126025,0,0.140348,0.240394,0.091785,0
0.066024,0.0295229,0.0682694,0.0348238,0.0421894,0.0277342,0.0394144,0.0346572,0.0394674,0.0664753,0.0381447,0.0554037,0.0556543,0.039264,0.0830804,0.0709554,0.0875254,0.0575916,0.0674326,0.0513546,0.0813453,0.0841568,0.0749284,0.0596433,0.115049,0.178931,0.180988,0.10595,0.221728,0.110206,0.134803,0.230732,0.122155,0.473384,0.12702,0.41795,0.0151402,0.153729,0.0552634,0.268197,0.0499137,0.0924224,0.126001,0.367276,0.215199,0.0010106,0.14625,0.434978,0.182054,0.377504,0.35483,0.0910679,0.355269,0.355174,0.168428,0.116438,0.168468,0.100886,0,0,0.243122,0.0862245,0.0635331,0.0884321,0.121917
0.0295392,0.0365478,0.0341347,0.0604801,0.0479577,0.0279242,0.0581091,0.0319515,0.0360549,0.0317773,0.0475111,0.059,0.0524183,0.0453246,0.0308515,0.0649799,0.118875,0.0478727,0.105166,0.071912,0.0753406,0.0800699,0.105698,0.0654984,0.0656045,0.152595,0.089741,0.0816495,0.0883007,0.0280009,0.253361,0.121072,0.118226,0.208598,0.107152,0.0709844,0.00964949,0.240491,0.00869544,0.215119,0.284052,0.253368,0.0956795,0.353133,0.276495,0.153646,0.222114,0.118394,0.279914,0.0985557,0.145081,0.131799,0.121622,0,0.1335,0,0,0,0,0,0.08159,0,0,0.12024,0.0759557
0.0387445,0.0858636,0.0567786,0.0718093,0.0374941,0.0479679,0.0857912,0.0388361,0.0661929,0.0414438,0.0713652,0.090345,0.0565893,0.0977366,0.069656,0.073033,0.0891844,0.0984947,0.0606824,0.0486031,0.0564097,0.164335,0.0435665,0.0841852,0.208108,0.126605,0.0828661,0.220622,0.11495,0.27555,0.0987903,0.0456149,0.295271,0.181089,0.215362,0.0226772,0.00252709,0.641243,0.0069064,0.404883,0.239419,0.334007,0.356969,0.00450353,0.126296,0.248688,0.234369,0.198971,0.144523,0.459791,0.237896,0.344635,0.486247,0.000501002,0.00102669,0.0509804,0,0.00931373,0.0862069,0.105708,0,0.226031,0,0.0845656,0.167871
0.118394,0.0923205,0.081472,0.056491,0.0694228,0.0412317,0.0895501,0.0822118,0.0308444,0.134465,0.089533,0.0828128,0.0404973,0.0776995,0.0881827,0.133526,0.0453245,0.0512427,0.0685282,0.0773807,0.150014,0.0885032,0.140285,0.168736,0.153812,0.193112,0.229991,0.0953692,0.10967,0.243685,0.310283,0.278887,0.0367941,0.024659,0.0518305,0.00293543,0.116076,0.0116156,0.0383676,0.613584,0.0386905,0.461673,0.000491159,0,0.000491159,0.262994,0.376574,0.419374,0.234856,0.0430942,0.323242,0.12926,0.225339,0.241947,0.00995807,0.0930233,0.19246,0.0181018,0.0802083,0.0113872,0,0.113021,0,0.10625,0.0537428
0.0700401,0.0513536,0.0878072,0.0700621,0.0797483,0.0893277,0.111238,0.145043,0.0615338,0.0949803,0.0506597,0.0636011,0.0650901,0.085414,0.179597,0.0782578,0.100002,0.089085,0.103696,0.191622,0.0977707,0.113301,0.103522,0.140146,0.119552,0.10437,0.0609483,0.17032,0.0412564,0.205137,0.186449,0.16485,0.194046,0.0925324,0.0104717,0.157406,0.147304,0.283933,0.0570783,0.00100662,0.455514,0.361171,0,0.186841,0.225634,0.113414,0.121611,0.292289,0.104374,0.145562,0.0108911,0.346685,0.000959693,0,0.132979,0.0909533,0.129979,0,0.137424,0,0.193987,0,0,0,0.232593
0.105885,0.0490591,0.0339248,0.0741837,0.0726378,0.102456,0.147695,0.047245,0.0945863,0.0653818,0.130772,0.0720029,0.0736558,0.0915044,0.190905,0.0745625,0.0990823,0.0662399,0.165366,0.0492553,0.186785,0.17916,0.119573,0.149012,0.0778496,0.0959149,0.122758,0.155473,0.105909,0.242797,0.0525058,0.0802539,0.28759,0.0788547,0.0218642,0.135577,0.209758,0.0397188,0.0150769,0.207021,0.0481954,0.473112,0.127747,0.0204736,0,0.564249,0.107761,0.116876,0.132539,0.246968,0,0.176263,0.123476,0.10098,0.324626,0.117417,0.152862,0,0,0.123482,0,0.123457,0,0.0894942,0.0759109
0.137492,0.172529,0.118867,0.0792784,0.146758,0.0671494,0.0933387,0.118098,0.109835,0.121068,0.0760604,0.101439,0.089982,0.132939,0.0529136,0.0864372,0.125909,0.187559,0.0635926,0.0780981,0.312891,0.154862,0.0792466,0.152267,0.082435,0.101378,0.121754,0.0515707,0.0967113,0.343002,0.304161,0.049726,0.210964,0.0525815,0.329173,0.455469,0.00401206,0.235082,0.289961,0.242515,0.251488,0.000997367,0,0.00528846,0.314415,0.0562372,0.380717,0.41891,0.259148,0.00147638,0.10119,0.18525,0.350337,0.0337367,0.25348,0.128743,0.175549,0.0805,0,0.115542,0,0,0,0,0.123274
0.0653758,0.0727998,0.0848202,0.132666,0.112523,0.149959,0.0817928,0.131213,0.109298,0.260076,0.164346,0.167506,0.116063,0.10391,0.1083,0.124564,0.121261,0.111284,0.127892,0.338266,0.0613678,0.0524956,0.143647,0.216094,0.128176,0.381098,0.0721546,0.0872426,0.0359387,0.0267188,0.114241,0.0463408,0.0111073,0.519641,0.205762,0.0428005,0.376022,0.0639921,0.00239586,0.152832,0.00152338,0.25406,0.269222,0.00248134,0.000991654,0.511352,0.101284,0.276936,0.000501002,0.112447,0.450857,0.118836,0.163418,0,0.239407,0,0.182808,0,0,0.0785288,0,0,0.0936275,0.126537,0.262099
0.0973394,0.0966698,0.13987,0.107204,0.145003,0.191939,0.170765,0.171727,0.171428,0.107232,0.124347,0.130441,0.100861,0.193215,0.141125,0.320032,0.0430428,0.141734,0.150008,0.138354,0.157272,0.0814889,0.16892,0.0945666,0.0554011,0.0304785,0.0380677,0.0392253,0.380289,0.0419962,0.47988,0.103071,0.0856914,0.433027,0.0569079,0.275166,0.335408,0.10671,0.00859425,0.000487329,0.246899,0.255988,0.254849,0.247267,0.22692,0.203067,0.145313,0.464598,0,0.172669,0.143158,0.295598,0.16735,0.346593,0.0606061,0.101378,0,0.0706861,0,0,0.0456389,0,0.0683673,0.123975,0.124759
0.187516,0.0979127,0.11083,0.0355745,0.133373,0.0870752,0.210903,0.198023,0.18025,0.16698,0.111091,0.11472,0.0912995,0.114527,0.0841177,0.157701,0.0847684,0.24132,0.176803,0.026672,0.140118,0.180759,0.0617786,0.221526,0.233847,0.102058,0.31,0.0565476,0.38064,0.139705,0.0321802,0.00515489,0.463332,0.291136,0.411442,0.002562,0.0206317,0.0185371,0.0404516,0.00256674,0.00622171,0.00694655,0.257099,0.0611855,0.000513347,0,0.230197,0.234837,0.103175,0.124492,0,0.151537,0.328054,0.179359,0,0.124516,0.203895,0.207223,0.102713,0.113918,0.193297,0.230601,0.0980583,0.090566,0.251296
0.105872,0.122113,0.0926055,0.0849501,0.124344,0.110015,0.194552,0.0853863,0.254146,0.0751742,0.154974,0.171924,0.129288,0.0741514,0.278083,0.156003,0.152465,0.128971,0.248499,0.103564,0.253684,0.05342,0.0435895,0.0616191,0.238828,0.121841,0.438974,0.15051,0.360581,0.0369644,0.179996,0.0618464,0.0590934,0.390491,0.0319798,0.262945,0.159708,0.0567508,0.476707,0.190562,0.00237989,0.383946,0.0539019,0,0.251989,0.0777311,0.0930902,0.413851,0.13726,0.248956,0.275662,0.296385,0.0556732,0.16344,0.381887,0.00196464,0.245777,0.213604,0.130346,0.200668,0.224438,0.102789,0,0,0
0.100644,0.280401,0.255866,0.115597,0.154007,0.118914,0.136539,0.118096,0.154462,0.031214,0.286673,0.0329722,0.0571789,0.10665,0.0932155,0.190298,0.228415,0.111064,0.339332,0.175651,0.168805,0.131469,0.502356,0.114076,0.0900498,0.0246871,0.0889391,0.170347,0.244549,0.195344,0.00738659,0.025723,0.0863415,0.199488,0.0507179,0.199905,0.277084,0.487716,0.0169891,0.227767,0.368428,0.00100604,0,0.00947368,0.122361,0.0405941,0.369754,0.439873,0.397205,0.152791,0.169287,0,0.188625,0.136268,0.327452,0.229805,0.089613,0.126898,0.0941235,0,0,0.00204082,0.331698,0,0
0.122457,0.150762,0.146803,0.1654,0.251725,0.277277,0.10756,0.0971128,0.270523,0.311723,0.12911,0.181122,0.0479102,0.230222,0.106405,0.176424,0.0480552,0.146799,0.0570057,0.041273,0.239338,0.108778,0.0145745,0.0116749,0.0968022,0.195127,0.0345373,0.013471,0.0909146,0.0684719,0.199047,0.0122377,0.239185,0.258735,0.00102673,0.223893,0.049452,0.000485437,0.298576,0.210287,0.00285898,0.0126873,0.125242,0,0.0739229,0,0.134569,0.181953,0.127159,0.109607,0,0.247686,0.113636,0.246064,0.133397,0.222353,0.254109,0,0.122059,0,0,0,0,0,0.108566
0.302691,0.146402,0.188895,0.182715,0.182052,0.0842912,0.021356,0.218208,0.144387,0.176485,0.584522,0.174134,0.223482,0.178411,0.113553,0.166927,0.260486,0.156279,0.0182027,0.172059,0.0748069,0.112892,0.296723,0.352576,0.194203,0.214444,0.1471,0.227491,0.207821,0.104553,0.0732811,0.0616958,0.556668,0.0925974,0.0779412,0.137215,0.0607499,0.0681531,0.0388258,0.479501,0.209968,0.0865009,0.0244687,0.263713,0.126375,0.128486,0,0.192729,0.137725,0.119608,0.0779727,0,0.128,0.114904,0,0,0.0596647,0,0.123069,0.209056,0,0.119608,0,0.16731,0.0475048
0.166375,0.155011,0.249622,0.110106,0.148767,0.118223,0.248774,0.309194,0.126119,0.228042,0.125574,0.409175,0.100531,0.125689,0.101168,0.131267,0.171484,0.313255,0.0149186,0.0958329,0.159386,0.0921279,0.252457,0.0138446,0.251546,0.117901,0.154623,0.0971674,0.223716,0.155674,0.179253,0.00656284,0.244522,0.0228572,0.200319,0.181034,0.00100209,0.00533981,0,0.0268714,0.000485437,0,0.376161,0,0.000489237,0,0,0.300882,0,0.0270669,0.12232,0.000494071,0.12024,0.122371,0.102626,0,0,0.0589354,0.0695297,0.0989796,0.196607,0.0316764,0,0.100098,0
0.206648,0.356189,0.174957,0.152712,0.117908,0.361114,0.286994,0.197438,0.325533,0.142909,0.057585,0.148176,0.0576729,0.197759,0.107875,0.173152,0.045498,0.102564,0.169548,0.353186,0.106998,0.337673,0.16042,0.0928232,0.244815,0.000505051,0.0657671,0.00204122,0.0092175,0.00199321,0.210226,0.356174,0.489824,0.00100207,0.000478011,0.235896,0.0055166,0.227176,0.138445,0.377639,0.0010142,0.0605428,0,0.0212621,0.0156904,0.349355,0.255533,0.0585774,0,0,0.262146,0,0,0.12711,0,0.232563,0,0,0,0,0.113118,0.120874,0.121951,0,0.197711
0.213059,0.278687,0.147595,0.337206,0.213942,0.380887,0.133449,0.44883,0.19519,0.167858,0.396886,0.334652,0.35302,0.134492,0.213771,0.138052,0.195989,0.231095,0.179381,0.0917669,0.216454,0.138337,0.517155,0.212472,0.10417,0.593474,0.160203,0.154165,0.146918,0.272368,0.357122,0.265037,0.276417,0.139489,0.146641,0.00784723,0.242633,0.175099,0.247943,0,0.000510204,0.000510204,0.15081,0.000504032,0.230189,0,0,0,0,0.141151,0.0189549,0.122361,0.238543,0.122539,0.088627,0,0,0,0.115643,0.300528,0.0966135,0.113813,0,0,0.113095
0.220634,0.346253,0.411899,0.329155,0.0388082,0.164576,0.191876,0.220194,0.452409,0.140482,0.201262,0.0743735,0.310124,0.0706812,0.221702,0.187036,0.329692,0.18374,0.320204,0.315479,0.223291,0.00349301,0.370493,0.00450562,0.17974,0.161804,0.0654051,0.257232,0.103592,0.223744,0.45634,0.261698,0.0129128,0.215328,0.000979929,0.242676,0.000507099,0.173773,0.273958,0.00193642,0.000507099,0,0.233217,0,0.00206755,0,0.243177,0.229632,0.119284,0,0,0,0,0,0,0.113235,0,0.242946,0,0.110119,0.0503018,0.169284,0,0.178222,0
0.164056,0.116461,0.0158811,0.0794044,0.120532,0.165984,0.21156,0.326072,0.00760159,0.0622119,0.173339,0.22614,0.0865868,0.30978,0.144218,0.209848,0.302939,0.0290581,0.331589,0.356338,0.226615,0.162301,0.049948,0.182936,0.018599,0.000983285,0.27228,0.0470302,0.339635,0.163592,0.0260015,0.0780318,0.000989144,0.255133,0.342097,0.255821,0.00240385,0.0630344,0.229799,0.155488,0,0.486347,0,0,0.00157895,0,0.098251,0.104211,0.000526316,0,0.177465,0,0,0,0,0,0,0,0,0.154036,0.128323,0,0,0.0749497,0
0.222533,0.200765,0.361617,0.141709,0.00196711,0.407711,0.136845,0.223525,0.0231308,0.133483,0.278962,0.270119,0.326796,0.161675,0.423162,0.255925,0.289381,0.0134705,0.183242,0.439775,0.245683,0.16603,0.0227628,0.399365,0.0918633,0.000489237,0.0248238,0.00555936,0.218191,0.252999,0.000505051,0.320688,0.0040942,0.000475285,0.194953,0.492964,0,0.248984,0.00258264,0.000497018,0.262935,0.254509,0.000509165,0,0,0.0109562,0,0.018664,0,0.235352,0.007,0.00093633,0,0,0,0.203139,0.00709939,0.0992723,0.128378,0,0,0.130058,0.236462,0,0
0.105888,0.570688,0.105713,0.262749,0.164309,0.308526,0.142644,0.13366,0.279527,0.293824,0.21531,0.150368,0.291502,0.410073,0.117913,0.465784,0,0.255723,0.137715,0.224146,0.491732,0.124356,0.11801,0.136269,0.243177,0.363641,0.00248422,0.327876,0.5322,0.223821,0.186789,0.208665,0.119999,0.119426,0.0135542,0.272061,0.000485437,0.239329,0.243959,0.254519,0.260653,0.20648,0,0.000534188,0.226744,0,0,0,0.13039,0,0.108652,0,0,0,0.0874263,0,0.113683,0,0.15433,0.121287,0,0,0.081,0,0.110251
0.0590246,0.294151,0.176062,0.391701,0.335827,0.296729,0.280712,0.206477,0.284262,0.00637255,0.0904472,0.0836628,0.373767,0.487245,0.194128,0.144484,0.209194,0.405328,0.235754,0.0629883,0.250515,0.181778,0.202055,0.164747,0.0625,0.294659,0.474723,0.256424,0.0165446,0.137466,0.148198,0.194711,0.0324742,0.0378024,0.291773,0.226945,0,0.243802,0,0.24,0,0,0.000523013,0,0.482634,0,0,0,0,0,0,0,0,0,0.0921053,0.0942029,0,0.126812,0.114737,0.119802,0.124257,0,0,0,0
0.182755,0.206337,0.194391,0.119908,0.557877,0.290811,0.0481518,0.135524,0.149725,0.00638507,0.110255,0.318369,0.276258,0.206975,0.150629,0.000501002,0.0951392,0.181773,0.105922,0.263375,0.338591,0.128698,0.154253,0.0112086,0.108274,0.12069,0.246738,0.241406,0.262173,0.25299,0.385357,0,0.371102,0.420406,0.0713563,0.0841996,0.00102276,0.0005,0,0.00102075,0,0,0,0.233302,0.000501002,0,0,0,0,0,0.25,0,0.172878,0.129826,0,0,0,0,0.0878233,0,0.0857988,0,0.0972803,0.368111,0
0.545633,0.287706,0.258315,0.256731,0.352515,0.154313,0.129184,0.150549,0.316112,0.254831,0.107576,0.250707,0.320179,0.402867,0.167417,0.1419,0.00199907,0.353123,0.269261,0.371689,0.219651,0.39306,0.239996,0.287688,0.0675,0.364326,0.14081,0.176447,0.129786,0.219965,0.212694,0.0260204,0.277769,0.0437882,0.125167,0,0,0.064741,0.231817,0.251917,0,0.536236,0,0,0,0,0.190918,0.00196078,0,0,0,0,0,0,0,0,0,0.0271739,0,0,0,0.106394,0.12731,0,0
0.4302,0.423864,0.4583,0.310068,0.254813,0.301143,0.207287,0.0871648,0.184776,0.268569,0.142701,0.0892809,0.161274,0.194194,0.177917,0.206546,0.0752075,0.0267137,0,0.305215,0.338134,0.433442,0.541485,0.118762,0.46329,0.222626,0.046748,0.227362,0.132755,0.0010052,0.25439,0.47697,0.159513,0,0,0.179527,0.386619,0,0,0.244111,0.000527426,0.251467,0.227229,0,0.255894,0.234436,0,0,0,0,0,0,0,0,0.131902,0,0,0,0,0,0,0,0,0.117706,0
0.406435,0.35641,0.214949,0.501924,0.219624,0.192046,0.118513,0.1185,0.332299,0.175183,0.227261,0.360471,0.188593,0.253889,0.381908,0.381535,0.193811,0.352568,0.533995,0.522562,0.364362,0.257567,0.388333,0.225156,0,0.134843,0.387486,0.529824,0.21215,0.194349,0.432326,0.369592,0.256173,0.0703276,0.089899,0.132887,0.000488281,0.338188,0.195925,0,0.243976,0,0.258493,0,0.0601852,0,0,0,0,0,0,0,0,0,0,0,0,0,0.124302,0,0,0,0,0.107438,0
0.383086,0.455091,0.514772,0.135189,0.223002,0.143164,0.365658,0.240073,0.298924,0.22996,0.290148,0.271604,0.23624,0.283239,0.421681,0.121384,0.439277,0.262554,0.0898729,0.251416,0.315961,0.126263,0,0.162846,0.000995247,0.167038,0.37352,0.0860261,0.0988258,0.106928,0.158612,0.158951,0.182197,0,0,0.187662,0.235504,0,0.261156,0.12037,0.235983,0,0,0,0,0,0,0,0,0,0,0,0,0,0,0,0.11807,0,0,0,0.121331,0.0956033,0.118956,0,0.0994898
0.364413,0.0385614,0.39759,0.369671,0.288625,0.426358,0,0.0613143,0.218867,0.359758,0.166027,0.323544,0.153288,0.348067,0.282545,0.433004,0.0696798,0.600526,0.43472,0.125,0.248915,0.374755,0.19859,0.152212,0.207554,0.0546559,0.477581,0,0.126976,0,0.180617,0.38656,0.244372,0.0414141,0.113071,0.110108,0,0,0.121016,0,0,0.119186,0,0,0,0,0,0,0,0,0,0,0,0,0,0,0,0,0,0,0,0,0,0,0
0.395005,0.39877,0.248193,0.421683,0.370672,0.378099,0.346968,0.428411,0.365101,0.366536,0.26726,0.333403,0.497489,0.384678,0.332985,0.24181,0.396723,0.340086,0.448362,0.127378,0.250417,0.303623,0.1009,0.41104,0.235758,0.264238,0.263157,0.0916183,0.340117,0.277369,0.368682,0.186979,0.135081,0.121094,0,0,0,0,0.341681,0,0,0,0,0,0,0,0,0,0,0,0,0,0,0,0,0,0,0,0,0,0.132156,0,0,0,0
0.243952,0.51061,0.128571,0.274282,0.375149,0.255752,0.134734,0.420098,0.243699,0.34506,0.139092,0.109818,0.263052,0.118547,0.238705,0.310588,0.281206,0.129516,0.26576,0.249648,0.3702,0.13786,0.246769,0.23312,0.329554,0.211828,0.165992,0.25028,0.367484,0.25066,0.31484,0.121535,0.112399,0.17966,0.344536,0.196014,0.120758,0,0.107943,0.101626,0.0618624,0,0.174974,0,0,0,0,0,0,0,0,0,0,0,0,0,0,0,0,0,0,0.117733,0,0.114141,0.121183
0.424632,0.388885,0.471722,0.121,0.253285,0.229936,0.342206,0.265277,0.0820388,0.398192,0.396942,0.350976,0.593905,0.34551,0.484503,0.359223,0.273892,0.468737,0.266943,0.124494,0.00152439,0.369241,0.404457,0.135807,0.114173,0.216365,0.203831,0.221326,0.167102,0.197386,0.315427,0,0.165374,0.393922,0.123218,0.119388,0.116327,0.249006,0.0892857,0.12253,0,0.00792812,0,0.438771,0.0162835,0,0,0,0,0,0,0,0,0,0,0,0,0,0,0,0,0,0,0,0
0.250456,0.241312,0.489701,0.288952,0.522219,0.328263,0.125773,0.373487,0.125,0.215895,0.360216,0.403611,0.26148,0.233975,0.536744,0.375517,0.122468,0.342583,0.181242,0.119071,0.190042,0.129049,0.117316,0.262954,0.402253,0,0.0873786,0.291671,0.119503,0,0,0.0387697,0.105578,0.138832,0.126506,0.192729,0.0929293,0,0.123314,0.260813,0,0.352936,0,0,0,0,0.130061,0,0,0,0,0,0,0,0,0,0,0,0,0,0,0,0,0,0
0.232148,0.240591,0.366172,0.257488,0.391591,0.252207,0.12911,0.181181,0.259979,0.127494,0.171488,0.244484,0.252671,0.119,0.045738,0.33446,0.429656,0.398668,0.33168,0.207524,0.237979,0.393,0.456561,0.263787,0.197239,0.109325,0.362515,0.301251,0.227698,0.164882,0.0869781,0.0177846,0.173481,0,0.0859522,0,0.125823,0.232189,0.0897817,0.244247,0.133621,0.399081,0,0.100309,0,0,0,0,0,0,0,0,0,0,0,0,0,0,0,0,0,0,0,0,0
0.367531,0.337111,0.121339,0.133636,0.458789,0.262374,0.371155,0.387443,0.115586,0.258375,0.260864,0.367005,0.249433,0,0.238423,0.327217,0.310854,0.24769,0.378718,0.100823,0.323346,0.242101,0.277629,0.0859684,0.11413,0.135081,0.244774,0,0.0751473,0.471943,0.187461,0.318793,0.0897303,0.125253,0.168129,0.265583,0.130612,0.372964,0.195758,0,0.129877,0.111284,0.356575,0.104126,0,0,0,0,0,0,0,0,0,0,0,0,0,0,0,0,0,0,0,0,0
0.120518,0.234013,0.440847,0.37173,0.10124,0.117122,0.267981,0.502694,0.223799,0.131213,0.242678,0.251403,0.254199,0.463812,0.344919,0.2023,0.146686,0.151423,0.390553,0.446187,0.0805825,0.117764,0.12269,0.0731694,0.241431,0.29426,0.246692,0.120482,0.254802,0,0.112975,0,0.18751,0.248192,0,0.210692,0.213407,0.095339,0.0750497,0.150124,0,0,0,0,0.11359,0,0,0,0,0,0,0,0,0,0,0,0,0,0,0,0,0,0,0,0
0.273533,0.143924,0.31629,0.0926907,0.102161,0.0938144,0.289743,0.336521,0.359931,0.374572,0.416486,0.398107,0.201077,0.236683,0,0.393572,0.338995,0.269352,0.202027,0.305393,0.346087,0.521771,0.127083,0.23528,0.218611,0.21696,0.217136,0.189463,0.133299,0.223304,0.34099,0.235367,0.231241,0.243502,0.250935,0.249187,0.126448,0.130058,0.201034,0.238329,0.325125,0.231293,0.125241,0,0.104545,0,0.122449,0,0,0,0,0,0,0,0,0,0,0,0,0,0,0,0,0,0
0.301024,0.48841,0.276124,0.242304,0.398299,0.3132,0.120571,0.274202,0.297719,0.119023,0.480794,0,0.284696,0.370743,0,0.226587,0.452047,0.37246,0.248821,0.25109,0.230428,0.347065,0.32994,0.000484496,0.235079,0.409008,0.183392,0.419454,0.124752,0.26136,0.0865979,0.370185,0.00318471,0.112994,0.206454,0.199877,0.243567,0.12753,0.0770378,0.485775,0.128557,0.110615,0.235602,0.125626,0,0,0,0.1125,0.0968064,0,0.1205,0,0,0,0,0,0,0,0,0,0,0,0,0,0
0.190839,0.234117,0.257763,0.261525,0.50452,0.267476,0.241218,0.331783,0.233166,0.242403,0.484795,0.381554,0.372406,0.386023,0.413084,0.286631,0.253652,0.0945674,0.382121,0.492139,0.274341,0.36272,0.129779,0.0902778,0,0.282879,0.384617,0.163331,0.431149,0.135271,0.0388548,0.095723,0.382858,0.37679,0.0872781,0.0742972,0.0786408,0.209162,0.325635,0.190323,0.0735867,0.0793173,0.23281,0.128567,0.115421,0,0.132766,0,0,0,0,0,0,0,0,0,0,0,0,0,0,0,0,0,0
0.365305,0.192507,0.139617,0.262197,0.264433,0.301333,0.216043,0.369061,0.141386,0.14798,0,0.145669,0.0468147,0.253213,0.203054,0.463352,0.292006,0.216655,0,0.0891753,0.211978,0.320086,0.133234,0.128327,0.367255,0.206325,0,0.168769,0,0,0.249711,0.11028,0.128773,0.283761,0,0,0.122299,0,0.0945545,0.364458,0.390609,0.248336,0.126901,0,0.126233,0,0.159716,0.0936255,0.380763,0.114729,0,0,0,0,0,0,0,0,0,0,0,0,0,0,0
0.133168,0.499242,0.371295,0.275381,0.357917,0.165735,0.128571,0.381775,0.2668,0.12768,0.135671,0.306738,0.243563,0.316031,0.373559,0.323099,0.264708,0.350295,0.237578,0.400723,0.108736,0.278876,0.130855,0.0899582,0.265909,0.264479,0,0.148095,0.123274,0,0.255288,0.154865,0.193524,0,0.256339,0.332383,0.25365,0,0.388354,0.491425,0,0,0.12315,0.258688,0.120833,0.101622,0.373381,0,0.117234,0.124233,0,0,0.129032,0,0,0,0,0,0,0,0,0,0,0,0
0.369705,0.269585,0.367048,0.254284,0.25553,0.380288,0.252782,0.0826531,0.396763,0.366559,0,0.0954724,0,0.238654,0.186985,0.494349,0.212883,0.286546,0.120518,0.369429,0.123518,0.447771,0.123457,0.227134,0.316482,0.372493,0.372505,0.109375,0.323026,0.369245,0.259743,0.239573,0.191379,0.27513,0.0932914,0.475233,0.114008,0.121069,0.232442,0.0303922,0.334807,0.126812,0.37715,0.196602,0.379661,0.383048,0,0.226359,0.126426,0.380859,0,0.26299,0,0,0,0,0,0,0,0,0,0,0,0,0
0.244081,0.371619,0.369049,0.193321,0.188427,0,0.244952,0.208243,0.256472,0.329061,0.468083,0.390438,0.125498,0.354728,0.139328,0.0781853,0.401604,0.385173,0.244264,0.380619,0.49172,0.363677,0.199852,0.249529,0.115072,0.276261,0.454885,0.123469,0.356702,0.136842,0.156028,0.213332,0.226585,0.377798,0.35126,0.129208,0.199823,0.231989,0.488507,0.240424,0.119545,0.12748,0,0.129649,0.1265,0,0.252937,0.358753,0.213454,0.131213,0.130567,0.125,0.126961,0.126789,0,0,0,0,0,0,0,0,0,0,0
0.449352,0.129259,0.123541,0.24203,0.24159,0.237725,0.238274,0.126273,0.253937,0.434936,0.380238,0.258495,0.347859,0.182538,0.31143,0.16778,0.372077,0.496417,0.398531,0.373498,0.496656,0.0775316,0,0,0.492721,0.165158,0.227874,0.497661,0.373387,0.122233,0.121414,0.1,0.196247,0.120724,0.508092,0.240699,0,0.50434,0.254631,0.246209,0.230914,0.246185,0.118209,0.19343,0.24216,0.131818,0,0,0,0.257859,0.130682,0.250854,0,0.126025,0,0,0,0,0,0,0,0,0,0,0
